{"parts":{"Blush":{"enable":true,"frameCount":25,"height":77,"position":{"positionX":[{"index":74,"x":139.5,"y":-41.79},{"index":77,"x":346,"y":-42.20}],"positionY":[]},"positionRelationType":1,"positionType":1,"rotateCenter":[{"index":46,"x":244,"y":62.09}],"scale":{"scaleX":{"pointA":[{"index":74,"x":139.5,"y":-41.79}],"pointB":[{"index":77,"x":346,"y":-42.20}]},"scaleY":{"pointA":[],"pointB":[]}},"triggerDelay":0,"triggerLoop":0,"triggerStop":false,"triggerType":0,"width":490,"zPosition":2},"Doughnut":{"enable":true,"frameCount":25,"height":360,"position":{"positionX":[{"index":74,"x":123.70,"y":-224.40},{"index":77,"x":312.22,"y":-224.76}],"positionY":[]},"positionRelationType":1,"positionType":1,"rotateCenter":[{"index":46,"x":219.10,"y":-129.54}],"scale":{"scaleX":{"pointA":[{"index":74,"x":123.70,"y":-224.40}],"pointB":[{"index":77,"x":312.22,"y":-224.76}]},"scaleY":{"pointA":[],"pointB":[]}},"triggerDelay":0,"triggerLoop":0,"triggerStop":false,"triggerType":0,"width":430,"zPosition":1},"Ears":{"enable":true,"frameCount":25,"height":300,"position":{"positionX":[{"index":74,"x":270.18,"y":429.23},{"index":77,"x":481.12,"y":428.82}],"positionY":[]},"positionRelationType":1,"positionType":1,"rotateCenter":[{"index":46,"x":376.93,"y":535.37}],"scale":{"scaleX":{"pointA":[{"index":74,"x":270.18,"y":429.23}],"pointB":[{"index":77,"x":481.12,"y":428.82}]},"scaleY":{"pointA":[],"pointB":[]}},"triggerDelay":0,"triggerLoop":0,"triggerStop":false,"triggerType":0,"width":760,"zPosition":0}},"stickerType":"2D","version":"1.1"}