{"parts":{"Background":{"enable":true,"frameCount":2,"height":219,"position":{"positionX":[{"index":106,"x":-3.39,"y":-12.21},{"index":107,"x":504.74,"y":-12.21}],"positionY":[]},"positionRelationType":1,"positionType":0,"rotateCenter":[{"x":250,"y":109.5}],"scale":{"scaleX":{"pointA":[{"index":106,"x":-3.39,"y":-12.21}],"pointB":[{"index":107,"x":504.74,"y":-12.21}]},"scaleY":{"pointA":[],"pointB":[]}},"triggerDelay":0,"triggerLoop":0,"triggerStop":false,"triggerType":0,"width":500,"zPosition":0},"Earrings":{"enable":true,"frameCount":10,"height":117,"position":{"positionX":[{"index":74,"x":176.11,"y":-115.29},{"index":77,"x":409.98,"y":-115.74}],"positionY":[]},"positionRelationType":1,"positionType":1,"rotateCenter":[{"index":46,"x":294.46,"y":2.37}],"scale":{"scaleX":{"pointA":[{"index":74,"x":176.11,"y":-115.29}],"pointB":[{"index":77,"x":409.98,"y":-115.74}]},"scaleY":{"pointA":[],"pointB":[]}},"triggerDelay":0,"triggerLoop":0,"triggerStop":false,"triggerType":0,"width":581,"zPosition":5},"FivePointedStar":{"enable":true,"frameCount":25,"height":1032,"position":{"positionX":[{"index":106,"x":0,"y":0},{"index":107,"x":538.65,"y":0}],"positionY":[]},"positionRelationType":1,"positionType":0,"rotateCenter":[{"x":270,"y":516}],"scale":{"scaleX":{"pointA":[{"index":106,"x":0,"y":0}],"pointB":[{"index":107,"x":538.65,"y":0}]},"scaleY":{"pointA":[],"pointB":[]}},"triggerDelay":0,"triggerLoop":0,"triggerStop":false,"triggerType":0,"width":540,"zPosition":1},"Heart":{"enable":true,"frameCount":26,"height":308,"position":{"positionX":[{"index":74,"x":-283.29,"y":303.63},{"index":77,"x":-45.97,"y":303.17}],"positionY":[]},"positionRelationType":1,"positionType":1,"rotateCenter":[{"index":46,"x":-163.19,"y":423.04}],"scale":{"scaleX":{"pointA":[{"index":74,"x":-283.29,"y":303.63}],"pointB":[{"index":77,"x":-45.97,"y":303.17}]},"scaleY":{"pointA":[],"pointB":[]}},"triggerDelay":0,"triggerLoop":0,"triggerStop":false,"triggerType":0,"width":260,"zPosition":6},"Love":{"enable":true,"frameCount":2,"height":567,"position":{"positionX":[{"index":106,"x":-26.36,"y":-597.59},{"index":107,"x":913.96,"y":-597.59}],"positionY":[]},"positionRelationType":1,"positionType":0,"rotateCenter":[{"x":432.5,"y":283.5}],"scale":{"scaleX":{"pointA":[{"index":106,"x":-26.36,"y":-597.59}],"pointB":[{"index":107,"x":913.96,"y":-597.59}]},"scaleY":{"pointA":[],"pointB":[]}},"triggerDelay":0,"triggerLoop":0,"triggerStop":false,"triggerType":0,"width":865,"zPosition":4},"Planet":{"enable":true,"frameCount":17,"height":186,"position":{"positionX":[{"index":74,"x":-373.76,"y":435.80},{"index":77,"x":-130.67,"y":435.33}],"positionY":[]},"positionRelationType":1,"positionType":1,"rotateCenter":[{"index":46,"x":-250.74,"y":558.11}],"scale":{"scaleX":{"pointA":[{"index":74,"x":-373.76,"y":435.80}],"pointB":[{"index":77,"x":-130.67,"y":435.33}]},"scaleY":{"pointA":[],"pointB":[]}},"triggerDelay":0,"triggerLoop":0,"triggerStop":false,"triggerType":0,"width":172,"zPosition":3},"Stars":{"enable":true,"frameCount":40,"height":658,"position":{"positionX":[{"index":74,"x":206.99,"y":255.08},{"index":77,"x":339.94,"y":254.83}],"positionY":[]},"positionRelationType":1,"positionType":1,"rotateCenter":[{"index":46,"x":274.27,"y":321.98}],"scale":{"scaleX":{"pointA":[{"index":74,"x":206.99,"y":255.08}],"pointB":[{"index":77,"x":339.94,"y":254.83}]},"scaleY":{"pointA":[],"pointB":[]}},"triggerDelay":0,"triggerLoop":0,"triggerStop":false,"triggerType":0,"width":480,"zPosition":2}},"stickerType":"2D","version":"1.1"}