{"parts":{"Cherrya":{"enable":true,"frameCount":30,"height":315,"position":{"positionX":[{"index":74,"x":-545.94,"y":633.89},{"index":77,"x":-180.50,"y":633.18}],"positionY":[]},"positionRelationType":1,"positionType":1,"rotateCenter":[{"index":46,"x":-361.01,"y":817.76}],"scale":{"scaleX":{"pointA":[{"index":74,"x":-545.94,"y":633.89}],"pointB":[{"index":77,"x":-180.50,"y":633.18}]},"scaleY":{"pointA":[],"pointB":[]}},"triggerDelay":0,"triggerLoop":0,"triggerStop":false,"triggerType":0,"width":300,"zPosition":4},"Cherryb":{"enable":true,"frameCount":30,"height":300,"position":{"positionX":[{"index":74,"x":432.45,"y":-376.84},{"index":77,"x":794.73,"y":-377.54}],"positionY":[]},"positionRelationType":1,"positionType":1,"rotateCenter":[{"index":46,"x":615.78,"y":-194.56}],"scale":{"scaleX":{"pointA":[{"index":74,"x":432.45,"y":-376.84}],"pointB":[{"index":77,"x":794.73,"y":-377.54}]},"scaleY":{"pointA":[],"pointB":[]}},"triggerDelay":0,"triggerLoop":0,"triggerStop":false,"triggerType":0,"width":250,"zPosition":3},"Flush":{"enable":true,"frameCount":30,"height":207,"position":{"positionX":[{"index":74,"x":185.65,"y":0.23},{"index":77,"x":427.52,"y":-0.23}],"positionY":[]},"positionRelationType":1,"positionType":1,"rotateCenter":[{"index":46,"x":308.05,"y":121.93}],"scale":{"scaleX":{"pointA":[{"index":74,"x":185.65,"y":0.23}],"pointB":[{"index":77,"x":427.52,"y":-0.23}]},"scaleY":{"pointA":[],"pointB":[]}},"triggerDelay":0,"triggerLoop":0,"triggerStop":false,"triggerType":0,"width":588,"zPosition":2},"Headduck":{"enable":true,"frameCount":30,"height":363,"position":{"positionX":[{"index":74,"x":171.16,"y":552.78},{"index":77,"x":344.85,"y":552.44}],"positionY":[]},"positionRelationType":1,"positionType":1,"rotateCenter":[{"index":46,"x":259.06,"y":640.17}],"scale":{"scaleX":{"pointA":[{"index":74,"x":171.16,"y":552.78}],"pointB":[{"index":77,"x":344.85,"y":552.44}]},"scaleY":{"pointA":[],"pointB":[]}},"triggerDelay":0,"triggerLoop":0,"triggerStop":false,"triggerType":0,"width":450,"zPosition":1},"Waterduck":{"enable":true,"frameCount":30,"height":614,"position":{"positionX":[{"index":108,"x":-329.08,"y":578.66},{"index":109,"x":498.04,"y":577.55}],"positionY":[]},"positionRelationType":1,"positionType":0,"rotateCenter":[{"x":250,"y":307}],"scale":{"scaleX":{"pointA":[{"index":106,"x":-329.08,"y":-894.49}],"pointB":[{"index":107,"x":498.04,"y":-894.49}]},"scaleY":{"pointA":[],"pointB":[]}},"triggerDelay":0,"triggerLoop":0,"triggerStop":false,"triggerType":0,"width":500,"zPosition":0}},"stickerType":"2D","version":"1.1"}